"","Name","Rating_and_Date","Type_of_Purchase","Reviews"
"1","Apple AirPods Pro (2nd generation) with MagSafe Case (USB‑C) ​​​​​​​","4.7 out of 5 stars",NA,"4.7 out of 5 stars"
"2","Apple AirPods with wired Charging Case (2nd generation)","4.7 out of 5 stars",NA,"4.7 out of 5 stars"
"3","Apple EarPods with Lightning Connector - White","4.5 out of 5 stars",NA,"4.5 out of 5 stars"
"4","Apple AirPods (3rd generation) with Lightning Charging Case ​​​​​​​","4.6 out of 5 stars",NA,"4.6 out of 5 stars"
"5","soundcore by Anker P20i True Wireless Earbuds, 10mm Drivers with Big Bass, Bluetooth 5.3, 30H Long Playtime, IPX5 Water-Resistant, 2 Mics for AI Clear Calls, 22 Preset EQs, Customization via App","4.5 out of 5 stars",NA,"4.5 out of 5 stars"
"6","Wireless Earbuds, Bluetooth 5.3 Headphones In Ear with 4 ENC Noise Cancelling Mic, Btootos New Bluetooth Earbuds Mini Deep Bass Stereo Sound, 36H Playtime LED Display Wireless Earphones IP7 Waterproof","4.5 out of 5 stars",NA,"4.5 out of 5 stars"
"7","Wireless Earbuds, Bluetooth 5.3 Headphones In Ear with 4 ENC Noise Cancelling Mic, Btootos 2023 New Bluetooth Earphones Mini Deep Bass Stereo Sound, 36H Playtime LED Display Wireless Earbuds White","4.5 out of 5 stars",NA,"4.5 out of 5 stars"
"8","Wireless Earbuds, Bluetooth 5.3 Headphones in Ear with HiFi Stereo Deep Bass, 4 ENC Noise Cancelling Mic Wireless Earphones 40H Playtime, Bluetooth Earbuds Dual LED Display, IP7 Waterproof, USB-C","4.8 out of 5 stars",NA,"4.8 out of 5 stars"
"9","Wireless Headphones,Wireless Bluetooth 5.3 Earbuds, Touch Control, Easy-Pairing, 24H Playtime,Noise Cancellation Built-in Mic with Charging Case, IPX8 Waterproof Earphones for iphone/Android/IOS","4.6 out of 5 stars",NA,"4.6 out of 5 stars"
"10","Apple EarPods (USB-C) ​​​​​​​","4.6 out of 5 stars",NA,"4.6 out of 5 stars"
"11","Apple AirPods (3rd generation) with MagSafe Charging Case (2021)","4.6 out of 5 stars",NA,"4.6 out of 5 stars"
"12","Wireless Earbuds, Bluetooth 5.3 Headphones in Ear with 4 ENC Noise Cancelling Mic, Bluetooth Earbuds 40H Playtime, 2023 HiFi Stereo Deep Bass Wireless Earphones, IP7 Waterproof, USB-C Fast Charge","4.5 out of 5 stars",NA,"4.5 out of 5 stars"
"13","Sony WF-C500 True Wireless Headphones (Up to 20 Hours Battery Life with Charging Case - Compatible with Voice Assistant, Built-in Microphone for Phone Calls, Bluetooth) Black","4.3 out of 5 stars",NA,"4.3 out of 5 stars"
"14","Wireless Earbuds,Bluetooth 5.3 Headphones In Ear with 4 ENC Noise Cancelling Mic,LED Display 2023 Bluetooth Earbuds Mini Deep Bass Stereo Sound,36H Playtime,Wireless Earphones IP7 Waterproof,Rose Gold","4.5 out of 5 stars",NA,"4.5 out of 5 stars"
"15","JLab Go Air Pop True Wireless Earbuds, Headphones In Ear, Bluetooth Earphones with Microphone, Wireless Ear Buds, TWS Bluetooth Earbuds with Mic, USB Charging Case, Dual Connect, EQ3 Sound, Black","4.3 out of 5 stars",NA,"4.3 out of 5 stars"
"16","Wireless Earbuds, Wireless Headphones Bluetooth 5.3 Headphones with 4 ENC Mic, NEW 40H Bluetooth Earphones in Ear Deep Bass Noise Cancelling Bluetooth Earbuds Mini Ear Buds IP7 Waterproof LED Display","4.7 out of 5 stars",NA,"4.7 out of 5 stars"
"17","Sony WF-1000XM5 Wireless Noise Cancelling Headphones, Bluetooth, In-ear Headphones, Mic, Up to 24 Hours Battery Life, Quick Charge, IPX4, iOS & Android Compatible - Black, Small","4.1 out of 5 stars",NA,"4.1 out of 5 stars"
"18","Wireless Earbuds, Bluetooth 5.3 Headphones in Ear with 4 ENC Noise Cancelling Mic, Bluetooth Earbuds 38H Playtime, 2023 HiFi Stereo Deep Bass Wireless Earphones, IP7 Waterproof, USB-C Fast Charge","4.3 out of 5 stars",NA,"4.3 out of 5 stars"
"19","Eissix Wireless Earbuds, Bluetooth 5.3 Wireless Earphones with Button Control, Noise Cancelling Mic, 30H Playtime with Charging Case, LED Display, IP7 Waterpoof Headphones for iOS Android Black","4.3 out of 5 stars",NA,"4.3 out of 5 stars"
"20","JBL Tune510BT - Wireless on-ear headphones featuring Bluetooth 5.0, up to 40 hours battery life and speed charge, in black","4.6 out of 5 stars",NA,"4.6 out of 5 stars"
"21","Wireless Earbuds, Bluetooth 5.3 Headphones NEW Wireless Headphones with 4 ENC Mic, 56H Bluetooth Earphones in Ear Noise Cancelling Deep Bass, Mini Ear Buds Bluetooth Earbuds IP7 Waterproof LED Display","4.5 out of 5 stars",NA,"4.5 out of 5 stars"
"22","Sony WF-C700N Wireless, Bluetooth, Noise Cancelling Earbuds (Small, Lightweight Earbuds with Multi-Point Connection, IPX4 rating, up to 20 HR battery, Quick Charge, iOS & Android) Black","4.3 out of 5 stars",NA,"4.3 out of 5 stars"
"23","EarFun Wireless Earbuds, [What Hi-Fi Awards] Air Bluetooth In-Ear Headphones with 4 Mics ENC, Sweatshield™ IPX7 Waterproof, Clear Sound, Deep Bass, Wireless Charge, Game Mode, App Customize EQ, 35H","4.4 out of 5 stars",NA,"4.4 out of 5 stars"
"24","soundcore Wireless Earbuds, A1 Bluetooth Earbuds, Powerful Customized Sound, 35H Playtime, Wireless Charging, USB-C Fast Charge, IPX7 Waterproof, Button Control, Commute, Sports","4.4 out of 5 stars",NA,"4.4 out of 5 stars"
"25",NA,"4 Stars & Up",NA,"4 Stars & Up"
